0.025,2.0,10,5.000000000000001,0.012623950132258213,0.0018215899521665908,0.006066688514909197
0.025,2.0,10,5.000000000000001,0.009636929278031073,0.0017600524238208007,0.005119665360197008
0.025,2.0,10,5.000000000000001,0.012324435564010213,0.0025258632467527304,0.007032080361841411
0.025,2.0,10,5.000000000000001,0.012152219155537474,0.0037397780158405147,0.007353809642548928
0.025,2.0,10,5.000000000000001,0.012426520973375885,0.0033972943154465967,0.007344804254669637
0.025,2.0,10,5.000000000000001,0.012316591073276158,0.0011608606501033898,0.007332977187761405
0.025,2.0,10,5.000000000000001,0.012221822972013368,0.001670609338479933,0.006980087594089856
0.025,2.0,10,5.000000000000001,0.0125182510186729,0.0020541952252917987,0.007565956191713061
0.025,2.0,10,5.000000000000001,0.012385953675874447,0.00227901709425986,0.007220991359194437
0.025,2.0,10,5.000000000000001,0.012363223022735443,0.0013753656684882152,0.007060417320022887
0.025,2.0,10,5.000000000000001,0.012261557644889783,0.0037881162141585305,0.007463504341489715
0.025,2.0,10,5.000000000000001,0.011560766505899496,0.0020098162201261476,0.007245103116051694
0.025,2.0,10,5.000000000000001,0.011403411888409317,0.0012461951319462144,0.007323848670131716
0.025,2.0,10,5.000000000000001,0.01203585395294204,0.0015590578077396382,0.006499247913202895
0.025,2.0,10,5.000000000000001,0.012524464517514534,0.0012150157869654117,0.006889791232575967
0.025,2.0,10,5.000000000000001,0.01199482934848597,0.0019223810139709077,0.006095544054675867
0.025,2.0,10,5.000000000000001,0.012034395164326181,0.001036894627052542,0.007322802708293625
0.025,2.0,10,5.000000000000001,0.012429270370119991,0.003969745306864193,0.00822467729445837
0.025,2.0,10,5.000000000000001,0.012118012772097732,0.002538976514020329,0.006786149182301652
0.025,2.0,10,5.000000000000001,0.012613393848634493,0.0017271164765210172,0.006204587954168884
0.025,2.0,10,5.000000000000001,0.012036322596461809,0.0029607883071985685,0.007650281020117837
0.025,2.0,10,5.000000000000001,0.011303154309169236,0.002649625959470891,0.005975529488335633
0.025,2.0,10,5.000000000000001,0.011312022674790452,0.0021390129376398052,0.0076259293348142155
0.025,2.0,10,5.000000000000001,0.012072621320510473,0.0014296960277640819,0.00673181965718788
0.025,2.0,10,5.000000000000001,0.012550961940812283,0.0038845073831038674,0.007412015897554933
0.025,2.0,10,5.000000000000001,0.012347072465704488,0.003295764119983135,0.007947108939243197
0.025,2.0,10,5.000000000000001,0.010873678556329387,0.0013554413215877354,0.005537848119752097
0.025,2.0,10,5.000000000000001,0.011475947431876361,0.0034826577694349035,0.007818853225849744
0.025,2.0,10,5.000000000000001,0.012031426011109776,0.0013344427633574124,0.006916905607408741
0.025,2.0,10,5.000000000000001,0.012545497821637792,0.0013506161701194446,0.007208328236534201
0.025,2.0,10,5.000000000000001,0.012480962113500521,0.00138300369890576,0.007191835301761792
0.025,2.0,10,5.000000000000001,0.012376486137044581,0.0025655229045616003,0.006806985643500267
0.025,2.0,10,5.000000000000001,0.011937711318579316,0.0035142024560739435,0.008104563142664677
0.025,2.0,10,5.000000000000001,0.012073990558785459,0.0019096707784617578,0.007783502265631233
0.025,2.0,10,5.000000000000001,0.012215137268862055,0.0013734376085134277,0.007332792977236013
0.025,2.0,10,5.000000000000001,0.012598886581207742,0.0017389535103977,0.007351266519043345
0.025,2.0,10,5.000000000000001,0.012580779154280191,0.0013627544320111925,0.0070332803499214575
0.025,2.0,10,5.000000000000001,0.0106420097979083,0.004557456022515426,0.0067843067861369675
0.025,2.0,10,5.000000000000001,0.012538665383916413,0.0011301533701323803,0.006075746160857235
0.025,2.0,10,5.000000000000001,0.012581783688497291,0.0015067995018333664,0.00678964038356599
0.025,2.0,10,5.000000000000001,0.012520500061320501,0.0013253290510902842,0.005936531478259165
0.025,2.0,10,5.000000000000001,0.012058359865372533,0.0006551619567077392,0.005573577216812526
0.025,2.0,10,5.000000000000001,0.01164587111633255,0.0016250486633509582,0.006951615809935849
0.025,2.0,10,5.000000000000001,0.011590876885011656,0.003838820909728078,0.006257434645430869
0.025,2.0,10,5.000000000000001,0.010695729942557915,0.0020106564895890464,0.0057559925399627366
0.025,2.0,10,5.000000000000001,0.012586898059363612,0.000923119796427829,0.006969864083373492
0.025,2.0,10,5.000000000000001,0.01251819280910597,0.001402494542072596,0.007151668067682912
0.025,2.0,10,5.000000000000001,0.012070018501774905,0.0015500245360044792,0.006690874642006974
0.025,2.0,10,5.000000000000001,0.012555690609096597,0.0009176232948505222,0.006943542267211565
0.025,2.0,10,5.000000000000001,0.010104245576418093,0.0008209708181863059,0.0050804591735821225
0.025,2.0,10,5.000000000000001,0.01213649300340106,-0.00040329775891392286,0.006026229203950732
0.025,2.0,10,5.000000000000001,0.011657295202075832,0.0028371107470870783,0.008511475299733786
0.025,2.0,10,5.000000000000001,0.01008862681181713,0.0014379238577561396,0.00514084498773677
0.025,2.0,10,5.000000000000001,0.012086978073879973,0.0013617840252564623,0.006134878857371906
0.025,2.0,10,5.000000000000001,0.012003471518582103,0.0044740619344335805,0.007663433020681774
0.025,2.0,10,5.000000000000001,0.012020157770017342,0.002013549999999999,0.005435099705740721
0.025,2.0,10,5.000000000000001,0.012254481889431589,0.00126170297738668,0.007035522411759228
0.025,2.0,10,5.000000000000001,0.011392047451980782,0.0019693700360754237,0.006311421509034624
0.025,2.0,10,5.000000000000001,0.011982730426344066,0.003091866083878679,0.00676969654891075
0.025,2.0,10,5.000000000000001,0.012343896593763334,0.0015087025184390196,0.005857451807400808
0.025,2.0,10,5.000000000000001,0.012664102087924468,0.0017984725467311996,0.006428657916068832
0.025,2.0,10,5.000000000000001,0.012115841940288093,0.0015632580789506794,0.007159582435049387
0.025,2.0,10,5.000000000000001,0.011692761673563859,0.0017224531013120487,0.0073937121610477465
0.025,2.0,10,5.000000000000001,0.011866127862493008,0.0015976805842758284,0.006272052260672524
0.025,2.0,10,5.000000000000001,0.01127520607397405,0.0014096904732245224,0.005855094426513717
0.025,2.0,10,5.000000000000001,0.01058987750181515,0.0019721309302230144,0.005515711404137312
0.025,2.0,10,5.000000000000001,0.011118382409670346,0.0015442167158608903,0.006186080600005086
0.025,2.0,10,5.000000000000001,0.011570776938779543,0.002536025361158015,0.006015827510943609
0.025,2.0,10,5.000000000000001,0.011939032509705443,0.00258479913863534,0.006296485747679743
0.025,2.0,10,5.000000000000001,0.01252553846798924,0.0010422939155070527,0.008849077349823289
0.025,2.0,10,5.000000000000001,0.01116299146781354,0.0015630369944624294,0.006379108368859878
0.025,2.0,10,5.000000000000001,0.012153216775301541,0.0019370805819360674,0.007152238816941923
0.025,2.0,10,5.000000000000001,0.010478546212384419,0.001233331435942397,0.005699190350768704
0.025,2.0,10,5.000000000000001,0.010571905133956618,0.000959128551457655,0.005749566670507481
0.025,2.0,10,5.000000000000001,0.011822184837512245,0.0010253540487480835,0.006603100257134753
0.025,2.0,10,5.000000000000001,0.01252146134362962,0.0011479442229581634,0.007325462730402213
0.025,2.0,10,5.000000000000001,0.010804468892800793,0.001642463659161141,0.006597836283473103
0.025,2.0,10,5.000000000000001,0.012058881106116033,0.0013321683479452946,0.006645684450553595
0.025,2.0,10,5.000000000000001,0.012112082431274125,0.001536110472712226,0.00651885168885232
0.025,2.0,10,5.000000000000001,0.011885082675070898,0.002827366043900125,0.008143078474368057
0.025,2.0,10,5.000000000000001,0.012668397291664652,0.001081506188666714,0.006222875409938446
0.025,2.0,10,5.000000000000001,0.01201987951267436,0.001945802233591531,0.006379480331522921
0.025,2.0,10,5.000000000000001,0.012501371939272074,0.0017698805609639872,0.00735726391581171
0.025,2.0,10,5.000000000000001,0.012527081866877439,0.0025056896670825105,0.007242941741021706
0.025,2.0,10,5.000000000000001,0.012517702807942784,0.0036288179170977774,0.007280861706915618
0.025,2.0,10,5.000000000000001,0.01239067024856377,0.0012900621670130395,0.007321844876631202
0.025,2.0,10,5.000000000000001,0.012261511440291657,0.0017712146117540902,0.006626673284931841
0.025,2.0,10,5.000000000000001,0.011305654016694762,0.0019164984957446448,0.006283181472828061
0.025,2.0,10,5.000000000000001,0.01242401405233417,0.001259600232266211,0.006514412917525835
0.025,2.0,10,5.000000000000001,0.011064174642809683,0.0018365422210177443,0.006216781271045486
0.025,2.0,10,5.000000000000001,0.011858056616905881,0.0015909325732531782,0.006397275972607668
0.025,2.0,10,5.000000000000001,0.01199388715420689,0.0017108700816526928,0.0063866153467456955
0.025,2.0,10,5.000000000000001,0.011538889457158924,0.0013816934509391693,0.00730097842765468
0.025,2.0,10,5.000000000000001,0.010598331062835354,0.001586234581742451,0.005825010846133017
0.025,2.0,10,5.000000000000001,0.011953852253192338,0.002477844999802125,0.007238012200097978
0.025,2.0,10,5.000000000000001,0.01095462674395928,0.0018664262749506827,0.00609195773053846
0.025,2.0,10,5.000000000000001,0.01254103631386023,0.0011511166451406703,0.007467109302717669
0.025,2.0,10,5.000000000000001,0.011923195030989,0.0015137789208963465,0.005692646286838089
0.025,2.0,10,5.000000000000001,0.012553502893535068,0.0015444045183224504,0.006710235114540149
0.025,2.0,10,5.000000000000001,0.01245678975680502,0.0018638655205858606,0.0067405826671998355
0.025,2.0,10,5.000000000000001,0.01184603453910316,0.0030922516832774514,0.006208107750321561
0.025,2.0,10,5.000000000000001,0.012098495523306432,0.0005672093666801768,0.006178260766470778
0.025,2.0,10,5.000000000000001,0.011939212732212658,0.0015836063085605586,0.005842859748991916
0.025,2.0,10,5.000000000000001,0.011954227478097384,0.0020585830071130785,0.006571907734612925
0.025,2.0,10,5.000000000000001,0.012204575663709579,0.0019460724665740995,0.006828675551862075
0.025,2.0,10,5.000000000000001,0.010255297479201349,0.0016936672025251948,0.006479129333361095
0.025,2.0,10,5.000000000000001,0.012353243157019899,0.0031922565254881787,0.007390236973062315
0.025,2.0,10,5.000000000000001,0.010713657669313245,0.001071624855383768,0.007314361822713612
0.025,2.0,10,5.000000000000001,0.011767223556753694,0.0013594564715444732,0.00703596105610466
0.025,2.0,10,5.000000000000001,0.011341090314648219,0.002470899055215691,0.006325944750630836
0.025,2.0,10,5.000000000000001,0.011088515649016292,0.0018381628843114888,0.006762689048032493
0.025,2.0,10,5.000000000000001,0.011822728548241884,0.0018994576100003204,0.007483923307860567
0.025,2.0,10,5.000000000000001,0.0117658467977457,0.0008205570527489268,0.005923732272103769
0.025,2.0,10,5.000000000000001,0.012214327377545969,0.0024382409059817913,0.00703972430141064
0.025,2.0,10,5.000000000000001,0.012197131621395706,0.001565847860750557,0.0077636733658835244
0.025,2.0,10,5.000000000000001,0.012062480308273931,0.0012498516285007306,0.006011390164863082
0.025,2.0,10,5.000000000000001,0.010388211794923791,0.0012177259622637266,0.006258893427595067
0.025,2.0,10,5.000000000000001,0.011961028225065569,0.0023271183053426006,0.007442539258288405
0.025,2.0,10,5.000000000000001,0.011731688319788536,0.002733575635370199,0.006721075327690795
0.025,2.0,10,5.000000000000001,0.011685909142206097,0.0043470659704612155,0.008047202385638035
0.025,2.0,10,5.000000000000001,0.012160874417863461,0.003559316997854699,0.007957646521822376
0.025,2.0,10,5.000000000000001,0.012164384418880857,0.0009379974963132694,0.0063050210234748645
0.025,2.0,10,5.000000000000001,0.01252196348903953,0.0012651048470179612,0.005902627253031649
0.025,2.0,10,5.000000000000001,0.011661904548691461,-0.0005755197299526002,0.005500717420246336
0.025,2.0,10,5.000000000000001,0.012264575967356814,0.0016283847514947818,0.006135059843023516
0.025,2.0,10,5.000000000000001,0.012583720845111092,0.0012385123151375183,0.007566122538036213
0.025,2.0,10,5.000000000000001,0.012329748710377819,0.002203215488475529,0.007691031088077352
0.025,2.0,10,5.000000000000001,0.012379538836074695,0.003114030245243991,0.00689079935179109
0.025,2.0,10,5.000000000000001,0.012098231819745982,0.0009598888780004474,0.007397924336956766
0.025,2.0,10,5.000000000000001,0.012120083283578472,0.0005624822134759675,0.006404051258334347
0.025,2.0,10,5.000000000000001,0.010175318322216962,0.00157180578781737,0.00610432722862448
0.025,2.0,10,5.000000000000001,0.012448725887184927,0.002108338269349796,0.007119269838491563
0.025,2.0,10,5.000000000000001,0.012235489067947443,0.0013254747992426535,0.006882096558948732
0.025,2.0,10,5.000000000000001,0.012430530812880147,0.0018330759778422351,0.007346780424934007
0.025,2.0,10,5.000000000000001,0.012203848644981367,0.003268212927920498,0.008142284233059589
0.025,2.0,10,5.000000000000001,0.0123794498724987,0.0024190894535633715,0.006881628888554483
0.025,2.0,10,5.000000000000001,0.012317217840418546,0.0013693633265989375,0.007825531155252257
0.025,2.0,10,5.000000000000001,0.012336109965354712,0.0030897746179947647,0.007173794151410953
0.025,2.0,10,5.000000000000001,0.012639561992750542,0.0023482753165457552,0.008130410252507993
0.025,2.0,10,5.000000000000001,0.012308644479446636,0.0028410537596978303,0.00726229807299657
0.025,2.0,10,5.000000000000001,0.012314622149679249,0.0006558006676428139,0.006276098129428632
0.025,2.0,10,5.000000000000001,0.01208298629789672,0.0010316870013423291,0.005954553762669479
0.025,2.0,10,5.000000000000001,0.011151097287528408,0.0015984736238072947,0.006385438377483441
0.025,2.0,10,5.000000000000001,0.012224133238448771,0.002720237811909531,0.00750964940691537
0.025,2.0,10,5.000000000000001,0.011975481744940406,0.0013400613369624944,0.006952356631780892
0.025,2.0,10,5.000000000000001,0.012589059432772097,0.0019020464880570955,0.006812400788523537
0.025,2.0,10,5.000000000000001,0.0124661054386006,0.002699571200866856,0.00678955567003555
0.025,2.0,10,5.000000000000001,0.012307318327307934,0.002518966080270445,0.006709892089756925
0.025,2.0,10,5.000000000000001,0.012592071659893844,0.0013073829067430816,0.006776468637551818
0.025,2.0,10,5.000000000000001,0.011239563008445488,0.0011291099098185815,0.005827090625793852
0.025,2.0,10,5.000000000000001,0.012101389746948913,0.0020764448923065388,0.007086962760854965
0.025,2.0,10,5.000000000000001,0.012657647262960809,0.003908194105754779,0.007894022541581776
0.025,2.0,10,5.000000000000001,0.012625848186964347,0.003131718568638563,0.006901791981019864
0.025,2.0,10,5.000000000000001,0.012362136558443418,0.001161244155657681,0.007469807886081347
0.025,2.0,10,5.000000000000001,0.012571649203008016,0.0025879961530150142,0.00740618088149672
0.025,2.0,10,5.000000000000001,0.012294013211486727,0.003254088956431747,0.007287631552498219
0.025,2.0,10,5.000000000000001,0.012067877765193708,0.0016048874649744907,0.0068449281123893055
0.025,2.0,10,5.000000000000001,0.011830318473524294,0.0017271845584781115,0.00671815103218329
0.025,2.0,10,5.000000000000001,0.012585799558141113,0.0022630557136735997,0.007700390957937086
0.025,2.0,10,5.000000000000001,0.012166573707804614,0.0006224485792911015,0.007164944327887975
0.025,2.0,10,5.000000000000001,0.012399187897080926,0.004088809166685501,0.006624866018470094
0.025,2.0,10,5.000000000000001,0.01206706861375922,0.0019743813262196094,0.005816131609577281
0.025,2.0,10,5.000000000000001,0.011658723177445901,0.001151812359839543,0.0058343738021373855
0.025,2.0,10,5.000000000000001,0.011687362170644073,0.0009239331996996776,0.005719894929650704
0.025,2.0,10,5.000000000000001,0.01236438966074453,0.0016559719562933002,0.006738422717618544
0.025,2.0,10,5.000000000000001,0.01218278572986506,0.0006860233545125768,0.00647710721984219
0.025,2.0,10,5.000000000000001,0.012468967903884628,0.002101564426366464,0.008405716593864578
0.025,2.0,10,5.000000000000001,0.011400708404970636,0.0011567609395888075,0.006657657234579625
0.025,2.0,10,5.000000000000001,0.012387541602785872,0.0024146712113702444,0.006465128535512697
0.025,2.0,10,5.000000000000001,0.01199139623216361,0.0012330103063474813,0.007400941982872708
0.025,2.0,10,5.000000000000001,0.012049707056440366,0.0007142395786721376,0.005773701301272557
0.025,2.0,10,5.000000000000001,0.010361988088848603,0.0014172094829334012,0.005790857318630752
0.025,2.0,10,5.000000000000001,0.012651118145387948,0.002106780375599481,0.007083350811376304
0.025,2.0,10,5.000000000000001,0.010706757477850343,0.0005316006561260743,0.00476612640787488
0.025,2.0,10,5.000000000000001,0.012297360869507246,0.001334838608791333,0.007303021850875041
0.025,2.0,10,5.000000000000001,0.01254920261581094,0.0018575482901007185,0.0060331524916080155
0.025,2.0,10,5.000000000000001,0.010266641268624284,0.0009507207049963324,0.005770437908218649
0.025,2.0,10,5.000000000000001,0.011870570880611959,0.002265051607094137,0.006346952294661384
0.025,2.0,10,5.000000000000001,0.012211700482344151,0.0022301834660070734,0.007281932724757581
0.025,2.0,10,5.000000000000001,0.010886167348263425,0.0012257866360984911,0.005872743914384544
0.025,2.0,10,5.000000000000001,0.011071090195733666,0.0005298147976100286,0.006573974216700197
0.025,2.0,10,5.000000000000001,0.011770077832041554,0.0021360195477961633,0.007126033709239781
0.025,2.0,10,5.000000000000001,0.011824750617131993,0.0015335310700420595,0.007518069349383493
0.025,2.0,10,5.000000000000001,0.01234538760944272,0.0011815661893479262,0.00628965718075292
0.025,2.0,10,5.000000000000001,0.012608671410051217,0.0009326597496930985,0.006022129621034426
0.025,2.0,10,5.000000000000001,0.01118428388583127,0.0009215844033436001,0.005514483607707678
0.025,2.0,10,5.000000000000001,0.011869427114657256,0.0015593751499977542,0.006712717217011624
0.025,2.0,10,5.000000000000001,0.011870443365574003,0.0018623613313524905,0.006364995017017063
0.025,2.0,10,5.000000000000001,0.011722880112098962,0.002526034689685257,0.007025405045747526
0.025,2.0,10,5.000000000000001,0.012349343506647022,0.0017661204237327634,0.008118259047815829
0.025,2.0,10,5.000000000000001,0.01266731928937437,0.001350986143471133,0.00739152447343921
0.025,2.0,10,5.000000000000001,0.012424779179280128,0.004574114947435693,0.008381293306864723
0.025,2.0,10,5.000000000000001,0.012254822763180436,0.0012929785091432273,0.00642944610565383
0.025,2.0,10,5.000000000000001,0.012320452499113881,0.0008747961335101582,0.0072961110506180185
0.025,2.0,10,5.000000000000001,0.01117875126545001,0.0011814841008275007,0.005562292342542416
0.025,2.0,10,5.000000000000001,0.011550219241042043,0.002066570937895617,0.006978097630597025
0.025,2.0,10,5.000000000000001,0.012563177698365787,0.0014423775517752532,0.006438917904428237
0.025,2.0,10,5.000000000000001,0.012393663529018339,0.0010038148412094602,0.006215703434013121
0.025,2.0,10,5.000000000000001,0.012486468518658951,0.0012028256016283429,0.006235609427413272
0.025,2.0,10,5.000000000000001,0.012291069623230363,0.0015194759776103732,0.0062937323005624836
0.025,2.0,10,5.000000000000001,0.012245536279900545,0.002678867055007016,0.007067142039877163
0.025,2.0,10,5.000000000000001,0.012255185759866189,0.0018576484177513332,0.007268992434165724
0.025,2.0,10,5.000000000000001,0.012299783327526364,0.0011561636893012701,0.006670806474348746
0.025,2.0,10,5.000000000000001,0.012017673927699018,0.0017593307834967034,0.006696965742412017
0.025,2.0,10,5.000000000000001,0.012488228269763917,0.0020605100497782963,0.007254672075194635
0.025,2.0,10,5.000000000000001,0.011546020894738059,0.0015748848274873988,0.007010526829499313
0.025,2.0,10,5.000000000000001,0.012387827744937128,0.0012424610160232104,0.006926684497538337
0.025,2.0,10,5.000000000000001,0.012437600325215797,0.0026603396071902758,0.008149653109018903
0.025,2.0,10,5.000000000000001,0.009580363481240403,0.001152043558452331,0.0059621596977817255
0.025,2.0,10,5.000000000000001,0.012268013183905687,0.0013039631821187166,0.006972731257567034
0.025,2.0,10,5.000000000000001,0.012346446452518183,0.0011415620339579875,0.0062220119486445175
0.025,2.0,10,5.000000000000001,0.011660501793305068,0.001821397910923816,0.005851894768043493
0.025,2.0,10,5.000000000000001,0.012068591370855825,0.0008717956224544074,0.007127227485316809
0.025,2.0,10,5.000000000000001,0.01138584003471751,0.001714372629121907,0.007522475953840681
0.025,2.0,10,5.000000000000001,0.012469280034460038,0.0018130475773473704,0.006030795733133189
0.025,2.0,10,5.000000000000001,0.0126450639997365,0.0018278601106132659,0.007427521425956651
0.025,2.0,10,5.000000000000001,0.012313446639023444,0.003027603410941636,0.00648515141432026
0.025,2.0,10,5.000000000000001,0.011903866561588282,0.001686958339808497,0.005923992608053891
0.025,2.0,10,5.000000000000001,0.012318501146549173,0.0009356591881253037,0.007527304371629428
0.025,2.0,10,5.000000000000001,0.012083036714095892,0.0016599692259835258,0.007163237848747989
0.025,2.0,10,5.000000000000001,0.012377084901986347,0.0021566626662260046,0.007037508318434025
0.025,2.0,10,5.000000000000001,0.012238638998712111,0.002128100168560131,0.007261148289847167
0.025,2.0,10,5.000000000000001,0.011275933433483336,0.002304806490424482,0.00598284669661712
0.025,2.0,10,5.000000000000001,0.011273116359730915,0.0024978958573670376,0.006854017813848736
0.025,2.0,10,5.000000000000001,0.012478865904387666,0.0008831055006661922,0.007252696838315359
0.025,2.0,10,5.000000000000001,0.012401138021020405,0.0011127074775360009,0.007394492979312799
0.025,2.0,10,5.000000000000001,0.011885274640415241,0.0021080768511490206,0.007056517578317381
0.025,2.0,10,5.000000000000001,0.01237038836596484,0.0022297749163301844,0.006416624685818567
0.025,2.0,10,5.000000000000001,0.012066690203072024,0.0023327840991260052,0.007328194659240503
0.025,2.0,10,5.000000000000001,0.01254524953935818,0.002280978703094826,0.007178952484630891
0.025,2.0,10,5.000000000000001,0.012334335831506468,0.003436567193567618,0.008443197165561474
0.025,2.0,10,5.000000000000001,0.011480210522830032,0.0011757996569066837,0.005431724100106498
0.025,2.0,10,5.000000000000001,0.012045564860104697,0.0009602885975301452,0.006822563412077902
0.025,2.0,10,5.000000000000001,0.011813514805911819,0.002823466199018342,0.006848053073794506
0.025,2.0,10,5.000000000000001,0.011103375116912477,0.0014069337860153068,0.006130807781636071
0.025,2.0,10,5.000000000000001,0.01241811436285953,0.0006727705421621486,0.007714113322281061
0.025,2.0,10,5.000000000000001,0.012193336922476813,0.002079735195657228,0.005640166826040843
0.025,2.0,10,5.000000000000001,0.01137846290681483,0.0023251284835613664,0.006979576474372939
0.025,2.0,10,5.000000000000001,0.012324602333442874,0.002508159832954048,0.006997151379549243
0.025,2.0,10,5.000000000000001,0.012527139980972051,0.000757258695656193,0.006205320673447889
0.025,2.0,10,5.000000000000001,0.011759923003711507,0.0029571767825234065,0.006573308466100691
0.025,2.0,10,5.000000000000001,0.012112078147077394,0.0014011597161821094,0.006658990414716095
0.025,2.0,10,5.000000000000001,0.012091776802106113,0.0009976750321435408,0.006279515534037909
0.025,2.0,10,5.000000000000001,0.011993539472556757,0.0011408660775247934,0.006793091543095925
0.025,2.0,10,5.000000000000001,0.012634036857592896,0.0012609339417460894,0.006871714823470062
0.025,2.0,10,5.000000000000001,0.01167914450853586,0.0010190888769211922,0.006687612438401842
0.025,2.0,10,5.000000000000001,0.011645185691470989,0.0017289707239972467,0.006936516909220045
0.025,2.0,10,5.000000000000001,0.012419256207648355,0.003024025560613838,0.007393170282070951
0.025,2.0,10,5.000000000000001,0.012607976214722313,0.001360952142344751,0.006733338146277382
0.025,2.0,10,5.000000000000001,0.01137283653975955,0.002116265920617598,0.006446722003029393
0.05,2.0,10,5.000000000000001,0.04835168478299402,0.0036827771156644033,0.02340643129409768
0.05,2.0,10,5.000000000000001,0.04821885163794428,0.0045351254300954645,0.025568119500062866
0.05,2.0,10,5.000000000000001,0.050006471712348365,0.007554357956745237,0.029782616446222532
0.05,2.0,10,5.000000000000001,0.04990863008363833,0.005157306896151147,0.028085693713327194
0.05,2.0,10,5.000000000000001,0.050025457625400394,0.004715577081521347,0.02253456555553534
0.05,2.0,10,5.000000000000001,0.04950497877906324,-0.002122955291864858,0.024086630083429438
0.05,2.0,10,5.000000000000001,0.05005233171613788,0.004344046866288929,0.027395009137949733
0.05,2.0,10,5.000000000000001,0.04623824111399117,0.010521870994309618,0.02620348322926293
0.05,2.0,10,5.000000000000001,0.04530115935200001,0.005755808882853139,0.022573642226035633
0.05,2.0,10,5.000000000000001,0.04954971225604591,0.0055104991628250645,0.02947056768668956
0.05,2.0,10,5.000000000000001,0.04985768180049648,0.005753472956380977,0.027162148916595318
0.05,2.0,10,5.000000000000001,0.04421252846195063,0.014197199806432569,0.029406818619948198
0.05,2.0,10,5.000000000000001,0.04908013606776638,0.004494396240178754,0.024717769562764932
0.05,2.0,10,5.000000000000001,0.04916745296557668,0.004921914729293685,0.02664440297423247
0.05,2.0,10,5.000000000000001,0.046197835818418284,0.002590681215395828,0.028115503864096076
0.05,2.0,10,5.000000000000001,0.047620574818295826,0.004611832761166477,0.02886048322686455
0.05,2.0,10,5.000000000000001,0.049518493658476305,0.003841899672024328,0.026730288383155127
0.05,2.0,10,5.000000000000001,0.048526121404784156,0.004153782005638805,0.02579895488571674
0.05,2.0,10,5.000000000000001,0.04959787610616804,0.005793479940088362,0.027987585837122898
0.05,2.0,10,5.000000000000001,0.050363876644946556,0.0028730268910801536,0.026537285160893587
0.05,2.0,10,5.000000000000001,0.05064141848758144,0.006990943416704274,0.023994799462453656
0.05,2.0,10,5.000000000000001,0.05005396340958396,0.010033037858599764,0.027880284277951358
0.05,2.0,10,5.000000000000001,0.048426574549006327,0.005780736804322381,0.025589892040652703
0.05,2.0,10,5.000000000000001,0.04628563877793937,0.009832669934440205,0.027040017966262663
0.05,2.0,10,5.000000000000001,0.04659565322189866,0.0036613377715615223,0.021901594202089984
0.05,2.0,10,5.000000000000001,0.05028582477947968,0.005293587313647217,0.026829392224266953
0.05,2.0,10,5.000000000000001,0.04897967097804344,0.012523688831703067,0.03192747273223648
0.05,2.0,10,5.000000000000001,0.049746333165950236,0.008654001525148478,0.03246346530090132
0.05,2.0,10,5.000000000000001,0.046457834999678906,0.012655987408741694,0.02591186931411329
0.05,2.0,10,5.000000000000001,0.04683516742418486,0.006128506036626378,0.030757275584337128
0.05,2.0,10,5.000000000000001,0.046973859163247485,0.009250078744226273,0.03158917655999403
0.05,2.0,10,5.000000000000001,0.04832416654001895,0.009240411398249824,0.029033257031951264
0.05,2.0,10,5.000000000000001,0.05037513856282903,0.008054199999999996,0.030819050066979707
0.05,2.0,10,5.000000000000001,0.04803217313955268,0.0112476858308546,0.031514643840372544
0.05,2.0,10,5.000000000000001,0.04944737303298979,0.012631116391015147,0.030044452370190555
0.05,2.0,10,5.000000000000001,0.0441530899753112,0.0036317132516781032,0.0264539592645061
0.05,2.0,10,5.000000000000001,0.04078989858228893,0.007508747969125816,0.02708720688273286
0.05,2.0,10,5.000000000000001,0.043731300844732146,0.006183708860270173,0.026047851001852595
0.05,2.0,10,5.000000000000001,0.04906811962385606,0.006937313329722181,0.030807899403689075
0.05,2.0,10,5.000000000000001,0.04242046407298623,0.007259626528219606,0.024279209456943257
0.05,2.0,10,5.000000000000001,0.0463786945709418,0.005678289835783354,0.027266343749581534
0.05,2.0,10,5.000000000000001,0.04854360481599355,0.006909653287296888,0.027633119420827718
0.05,2.0,10,5.000000000000001,0.04939352703921731,0.005779809662383604,0.028866778437719627
0.05,2.0,10,5.000000000000001,0.04863717198367341,0.01155872393058361,0.02969827896172031
0.05,2.0,10,5.000000000000001,0.04525141173542025,0.008067423643723702,0.028605115049762132
0.05,2.0,10,5.000000000000001,0.04327296228446159,0.010289296888888263,0.028817265303529925
0.05,2.0,10,5.000000000000001,0.04734037222747573,0.003369969615170819,0.026742487496877087
0.05,2.0,10,5.000000000000001,0.04783702123658101,0.010688036825100597,0.027750109545469
0.05,2.0,10,5.000000000000001,0.050483717523966944,0.0038069048620887874,0.02485014197758505
0.05,2.0,10,5.000000000000001,0.05044851483856866,0.008032297210553627,0.0256669095997613
0.05,2.0,10,5.000000000000001,0.048412330128631935,0.01422001846698357,0.02634566264230931
0.05,2.0,10,5.000000000000001,0.04164983528893423,0.005114705764176806,0.0249301898856393
0.05,2.0,10,5.000000000000001,0.04798563316123132,0.00348948843072323,0.025251400476502053
0.05,2.0,10,5.000000000000001,0.04647629720954292,0.005101735592589927,0.031547652944590145
0.05,2.0,10,5.000000000000001,0.0483894064152486,0.005165174918151914,0.026623411844657902
0.05,2.0,10,5.000000000000001,0.04845160862923087,0.012081042228370304,0.02578941031720631
0.05,2.0,10,5.000000000000001,0.04660791660095334,0.006572024405021357,0.024595555554576366
0.05,2.0,10,5.000000000000001,0.04850950528732632,0.011291276633609732,0.027825340905283696
0.05,2.0,10,5.000000000000001,0.04928210482476672,0.0033602834382761224,0.025709335596335
0.05,2.0,10,5.000000000000001,0.04749725640557216,0.0039537930828896775,0.027520059541334168
0.05,2.0,10,5.000000000000001,0.05065080890536837,0.007220717564637355,0.028381204882958755
0.05,2.0,10,5.000000000000001,0.04821833472934641,0.003746934113551336,0.02429908537338314
0.05,2.0,10,5.000000000000001,0.044594586814104,0.005029475853562547,0.027070677570633816
0.05,2.0,10,5.000000000000001,0.048237377971854636,0.003881703618081199,0.028137880105675726
0.05,2.0,10,5.000000000000001,0.04778667218451894,0.008685202659445586,0.02992433453528092
0.05,2.0,10,5.000000000000001,0.050478160264569534,0.0015247546914943116,0.0292988981285086
0.05,2.0,10,5.000000000000001,0.03588703633353035,0.004686349113706443,0.020940129513781144
0.05,2.0,10,5.000000000000001,0.047504904968917905,0.009804399336167254,0.026815560569783636
0.05,2.0,10,5.000000000000001,0.048445916770786725,0.01129326034965574,0.028787290121214747
0.05,2.0,10,5.000000000000001,0.04743579036531054,0.008209612153986433,0.025096429218260122
0.05,2.0,10,5.000000000000001,0.05019780289703419,0.005669209850456178,0.028857083182624622
0.05,2.0,10,5.000000000000001,0.048122166451084046,0.006120092316785805,0.02487300035119863
0.05,2.0,10,5.000000000000001,0.046278997089297655,0.0037930738095602644,0.02680768043064064
0.05,2.0,10,5.000000000000001,0.04907248951189417,0.0035291603305938482,0.027995819575438535
0.05,2.0,10,5.000000000000001,0.04979006445348143,0.007651134608630981,0.026696870532172977
0.05,2.0,10,5.000000000000001,0.0392900176549065,0.008371119737996221,0.019837118152029373
0.05,2.0,10,5.000000000000001,0.04848193405560992,0.013794887747363389,0.031538878576531225
0.05,2.0,10,5.000000000000001,0.049377984700366695,0.0036031270222099277,0.028117811517504053
0.05,2.0,10,5.000000000000001,0.049718315353471154,0.0051261987571867155,0.02531150531659231
0.05,2.0,10,5.000000000000001,0.04694157623250188,0.008521005220977516,0.02704577315517449
0.05,2.0,10,5.000000000000001,0.04947567837744031,0.013235999966936071,0.03084548537230012
0.05,2.0,10,5.000000000000001,0.04772364756232841,0.007938126816870204,0.026823837254771027
0.05,2.0,10,5.000000000000001,0.050444715246868645,0.012804745489620913,0.029769998774627
0.05,2.0,10,5.000000000000001,0.04696750920644974,0.006159046940383647,0.025578656827557746
0.05,2.0,10,5.000000000000001,0.045886509809230494,0.015902858516850405,0.028456736258654042
0.05,2.0,10,5.000000000000001,0.04779194914591888,0.004433042338727676,0.026165836702688978
0.05,2.0,10,5.000000000000001,0.04756185643098714,0.006559155257396385,0.024543739638072794
0.05,2.0,10,5.000000000000001,0.04826787056851161,0.010525703084289524,0.028440417227974392
0.05,2.0,10,5.000000000000001,0.04893499227543845,0.004573050838649716,0.025593200844982192
0.05,2.0,10,5.000000000000001,0.04353947480124497,0.007059707428452719,0.029931256640525216
0.05,2.0,10,5.000000000000001,0.04334507161654615,0.011770910602277591,0.026707324227740515
0.05,2.0,10,5.000000000000001,0.047158363371771206,0.005094957541451615,0.023013479547567828
0.05,2.0,10,5.000000000000001,0.05025222078488866,0.005952046161497558,0.02682661804092416
0.05,2.0,10,5.000000000000001,0.0483406137901851,0.009110608987901966,0.029661523924701127
0.05,2.0,10,5.000000000000001,0.041845732703150285,0.004694648863984606,0.01929482396929104
0.05,2.0,10,5.000000000000001,0.04734634862643245,0.007679235566448381,0.027168295445969187
0.05,2.0,10,5.000000000000001,0.047315519540178506,0.004677725022283406,0.027363154390897832
0.05,2.0,10,5.000000000000001,0.04860125970639079,0.005794444880566105,0.03082710871733576
0.05,2.0,10,5.000000000000001,0.049035047464839,0.009975669520580389,0.02569800390853479
0.05,2.0,10,5.000000000000001,0.05053897669442008,0.005451785446119837,0.027771231657108843
0.05,2.0,10,5.000000000000001,0.04826132001649771,0.005927333608517224,0.0314642698219034
0.05,2.0,10,5.000000000000001,0.04333528513461033,0.0031312591357676375,0.02837446388821653
0.05,2.0,10,5.000000000000001,0.049229080170711086,0.00801218476791243,0.026975217501767595
0.05,2.0,10,5.000000000000001,0.04446759659751958,0.015529417086867163,0.02898046786596719
0.05,2.0,10,5.000000000000001,0.04985423811927976,0.011285021649569855,0.02622642405826922
0.05,2.0,10,5.000000000000001,0.04696115508898318,0.004496294213028038,0.024573723620703928
0.05,2.0,10,5.000000000000001,0.047847309976177296,0.00696345879173945,0.027376833042062492
0.05,2.0,10,5.000000000000001,0.04922732687351957,0.006400711532567802,0.024117229665038382
0.05,2.0,10,5.000000000000001,0.04735928555087881,0.00813196740263686,0.02778294488654804
0.05,2.0,10,5.000000000000001,0.05051806015953939,0.0036255240194400947,0.02625599204559728
0.05,2.0,10,5.000000000000001,0.05046419648905146,0.006974418490332022,0.03108519488701613
0.05,2.0,10,5.000000000000001,0.0445065781584685,0.009076240303899837,0.027802525145367397
0.05,2.0,10,5.000000000000001,0.049706775070788536,0.006073695885391393,0.02473285951699821
0.05,2.0,10,5.000000000000001,0.04982762219198088,0.012534415961927699,0.028421704775518215
0.05,2.0,10,5.000000000000001,0.04931496843871102,0.005706628229892716,0.028078286027042383
0.05,2.0,10,5.000000000000001,0.047442593415554866,0.004544988293265015,0.0281971632226714
0.05,2.0,10,5.000000000000001,0.04994034757276438,0.006161842643584768,0.02392625803460488
0.05,2.0,10,5.000000000000001,0.03544885698395693,0.007934355158866422,0.021263342457985918
0.05,2.0,10,5.000000000000001,0.05044236817972327,0.010776279102377459,0.028793308004158236
0.05,2.0,10,5.000000000000001,0.047588439576709336,0.008205054620849325,0.02812556777158321
0.05,2.0,10,5.000000000000001,0.05037744087313321,0.006632154570859414,0.02645863818578197
0.05,2.0,10,5.000000000000001,0.048011837655163425,0.008054199999999996,0.02702379267089011
0.05,2.0,10,5.000000000000001,0.04610940542335649,0.009885924414879984,0.02463438163516236
0.05,2.0,10,5.000000000000001,0.0489709360985213,0.003476344396958896,0.02141194247245949
0.05,2.0,10,5.000000000000001,0.050298209889148134,0.005246200104861296,0.025531019864415683
0.05,2.0,10,5.000000000000001,0.044095465738954155,0.002762600031603045,0.024966283867413588
0.05,2.0,10,5.000000000000001,0.049647520068435536,0.007745351201197345,0.029496250554340433
0.05,2.0,10,5.000000000000001,0.05026496494758075,0.011118971531193452,0.029335216029638594
0.05,2.0,10,5.000000000000001,0.048360104411466424,0.01001286231230196,0.02716055860493882
0.05,2.0,10,5.000000000000001,0.046914476348954445,0.005490019837596892,0.026468377451362674
0.05,2.0,10,5.000000000000001,0.038851606335819695,0.008330272785579405,0.022933710092644412
0.05,2.0,10,5.000000000000001,0.04591687137068508,0.015510214929030732,0.0287822334507569
0.05,2.0,10,5.000000000000001,0.05048770599636231,0.005975026146711658,0.032287572886594604
0.05,2.0,10,5.000000000000001,0.05057154885639081,0.003791967396099681,0.030645017393252077
0.05,2.0,10,5.000000000000001,0.05018650737243442,0.011340005017405373,0.026336168653552598
0.05,2.0,10,5.000000000000001,0.04909802249799299,0.00734732016896986,0.02874267425349961
0.05,2.0,10,5.000000000000001,0.049910135980641916,0.0049369874938716566,0.026436465600924747
0.05,2.0,10,5.000000000000001,0.045888587787497416,0.004049243882950914,0.025617609034388335
0.05,2.0,10,5.000000000000001,0.04853583826857164,0.004392265509252711,0.02733806507319185
0.05,2.0,10,5.000000000000001,0.04843465518548126,0.010979031582990826,0.029102710699679624
0.05,2.0,10,5.000000000000001,0.04505298640648468,0.00978007954271982,0.027892609121034306
0.05,2.0,10,5.000000000000001,0.049097709492208604,0.009012357251334265,0.02567392760613942
0.05,2.0,10,5.000000000000001,0.05013841554916649,0.005083442132073034,0.02654939388990274
0.05,2.0,10,5.000000000000001,0.04761137724308948,0.0034585997073784277,0.02768928882466773
0.05,2.0,10,5.000000000000001,0.046280154076856164,0.004917928670192404,0.02522992298596956
0.05,2.0,10,5.000000000000001,0.04571547647949267,0.004535488779655325,0.026873619074358646
0.05,2.0,10,5.000000000000001,0.033343050198243664,0.003681785176498041,0.02095348844663316
0.05,2.0,10,5.000000000000001,0.04850334166732367,0.007737339727837164,0.030241200389271278
0.05,2.0,10,5.000000000000001,0.04940912528254949,0.007283543720975769,0.025714006888882077
0.05,2.0,10,5.000000000000001,0.048297831497186375,0.005082024042759324,0.03035898705876806
0.05,2.0,10,5.000000000000001,0.0488571712258562,0.010769742914192101,0.026373640501476642
0.05,2.0,10,5.000000000000001,0.04951979211788522,0.0044795130543049825,0.026446862924365
0.05,2.0,10,5.000000000000001,0.04920970056506648,0.004490917715130658,0.028275942026233424
0.05,2.0,10,5.000000000000001,0.03812331311483896,0.004175607287634884,0.019106746120972355
0.05,2.0,10,5.000000000000001,0.04974558252543308,0.004475860291217957,0.028526626651595558
0.05,2.0,10,5.000000000000001,0.049200393217704065,0.008992499517110005,0.028081157373831468
0.05,2.0,10,5.000000000000001,0.04930090318930319,0.004118497727656577,0.028720482012771758
0.05,2.0,10,5.000000000000001,0.03785964149700351,0.012579305237071108,0.02329595669405291
0.05,2.0,10,5.000000000000001,0.04708758784780404,0.004107082047800946,0.029304510989387217
0.05,2.0,10,5.000000000000001,0.04827738709491737,0.008103207401198183,0.028328430140274165
0.05,2.0,10,5.000000000000001,0.04871978840982133,0.005884380431480716,0.024057000129717905
0.05,2.0,10,5.000000000000001,0.05061658472321555,0.0038942889161650554,0.03126913211099574
0.05,2.0,10,5.000000000000001,0.048084186883004185,0.008533966486989628,0.024610920857355046
0.05,2.0,10,5.000000000000001,0.0503683809067589,0.007208743240633361,0.030228420380886262
0.05,2.0,10,5.000000000000001,0.045900109664577006,0.010441640330436194,0.029413416830536363
0.05,2.0,10,5.000000000000001,0.04965059126257934,0.005116503033377294,0.026203637268889107
0.05,2.0,10,5.000000000000001,0.04938789678577336,0.016738297685971276,0.03215765416996876
0.05,2.0,10,5.000000000000001,0.04723462867799431,0.01200523453571813,0.029307437978100908
0.05,2.0,10,5.000000000000001,0.04921503044010683,0.0036735745233493753,0.025678114173005362
0.05,2.0,10,5.000000000000001,0.048908890687992077,0.010443099723087363,0.028412316546674476
0.05,2.0,10,5.000000000000001,0.05034037716514238,0.007605239475075807,0.029286520412994798
0.05,2.0,10,5.000000000000001,0.04876093729014197,0.007570344185464693,0.029170301747638752
0.05,2.0,10,5.000000000000001,0.04925785419896637,0.0043701639649929,0.029363397446123447
0.05,2.0,10,5.000000000000001,0.04537390365343377,0.0032781619479321997,0.02199106106988123
0.05,2.0,10,5.000000000000001,0.04860869193550595,0.007476265145182468,0.025797521983613264
0.05,2.0,10,5.000000000000001,0.05051155773097722,0.005601821739517641,0.026071642942817105
0.05,2.0,10,5.000000000000001,0.050581484784744,0.006015485761952898,0.0306203196799645
0.05,2.0,10,5.000000000000001,0.04984385092623718,0.009695157391577865,0.025143545980474077
0.05,2.0,10,5.000000000000001,0.049643960778982414,0.015588609768054162,0.029755238485112846
0.05,2.0,10,5.000000000000001,0.04072692354321287,0.0044172947857536995,0.027189662338933773
0.05,2.0,10,5.000000000000001,0.050648810129457864,0.008541026173077079,0.02556382595320197
0.05,2.0,10,5.000000000000001,0.04913406455704113,0.009960853446253635,0.030477978366885223
0.05,2.0,10,5.000000000000001,0.05007179796213768,0.005824876131969334,0.029857372120099385
0.05,2.0,10,5.000000000000001,0.05028490334562637,0.006865644198051775,0.027102096255802413
0.05,2.0,10,5.000000000000001,0.044278755208955085,0.006515388642869177,0.02844029153125691
0.05,2.0,10,5.000000000000001,0.04915750969969951,0.003961963659138499,0.02592959034346059
0.05,2.0,10,5.000000000000001,0.04895254836350039,0.012027448196158547,0.024527936100455054
0.05,2.0,10,5.000000000000001,0.046794544608851775,0.0035030870861835857,0.025772031074460522
0.05,2.0,10,5.000000000000001,0.04970386875849513,0.007661947055253023,0.02429661387555566
0.05,2.0,10,5.000000000000001,0.050145646414846846,0.007186086826476677,0.026237146563202106
0.05,2.0,10,5.000000000000001,0.04697627941366343,0.003911944406615129,0.02655877548614551
0.05,2.0,10,5.000000000000001,0.049525892087685174,0.013837930757335564,0.030409571325048033
0.05,2.0,10,5.000000000000001,0.04542531737658065,0.0093342456017754,0.029769514336158945
0.05,2.0,10,5.000000000000001,0.04560284033870294,0.005877193824157609,0.02818265636960228
0.05,2.0,10,5.000000000000001,0.047537518803487486,0.008802347742183955,0.029157595243159234
0.05,2.0,10,5.000000000000001,0.04842027182047326,0.006020150485064589,0.026885166280340576
0.05,2.0,10,5.000000000000001,0.04658043127381946,0.004920323754184872,0.02744244751887002
0.05,2.0,10,5.000000000000001,0.050487734610927044,0.009599913262767231,0.029520857576999657
0.05,2.0,10,5.000000000000001,0.05041344585512154,0.006003693836212329,0.025595887891610478
0.05,2.0,10,5.000000000000001,0.04699039756461321,0.012974324269000359,0.02959144606774995
0.05,2.0,10,5.000000000000001,0.0487740899310237,0.004535353767050497,0.028094647614061323
0.05,2.0,10,5.000000000000001,0.0503098061839882,0.01499606075969035,0.03456091539691852
0.05,2.0,10,5.000000000000001,0.05016664232338755,0.012454712652510032,0.029152880832475456
0.05,2.0,10,5.000000000000001,0.04844833469305877,0.005240338944156962,0.027829846309099463
0.05,2.0,10,5.000000000000001,0.046155747006932916,0.006110035569248583,0.029426846618865042
0.05,2.0,10,5.000000000000001,0.05004684223745748,0.0008842215994305565,0.027595338610923826
0.05,2.0,10,5.000000000000001,0.04693451161020893,0.016453421283244875,0.030104544061375155
0.05,2.0,10,5.000000000000001,0.04818713897855762,0.010069770309515209,0.027316227504318294
0.05,2.0,10,5.000000000000001,0.04890277210039712,0.008856239985049627,0.030965936568188596
0.05,2.0,10,5.000000000000001,0.047306986952806176,0.006083730860834267,0.02587884579066682
0.05,2.0,10,5.000000000000001,0.046131040549522495,0.006123987835750719,0.02423045127706201
0.05,2.0,10,5.000000000000001,0.03948491074484876,0.006240604232291866,0.024278899124096254
0.05,2.0,10,5.000000000000001,0.047689317211688016,0.01581638266461995,0.03177559101439814
0.05,2.0,10,5.000000000000001,0.050388190671211947,0.005616563651065484,0.02654256790159346
0.05,2.0,10,5.000000000000001,0.045962964033606044,0.0037587267769874965,0.02569263399456027
0.05,2.0,10,5.000000000000001,0.04876591535397939,0.009754477615958818,0.03264668516115881
0.05,2.0,10,5.000000000000001,0.05045122669279696,0.0029875120320244073,0.02997696649830318
0.05,2.0,10,5.000000000000001,0.05014810099120573,0.015679075610397046,0.03094014764016203
0.05,2.0,10,5.000000000000001,0.04965319187128062,0.004370347065941703,0.029134473606431933
0.05,2.0,10,5.000000000000001,0.05032668549430555,0.0054946020246100045,0.027864834849289685
0.05,2.0,10,5.000000000000001,0.04953248123032237,0.006521791736636558,0.02747508656136303
0.05,2.0,10,5.000000000000001,0.044316881481187044,0.003247076799870728,0.026398221248371313
0.05,2.0,10,5.000000000000001,0.050429494984056404,0.01029926879298619,0.026617617041439185
0.05,2.0,10,5.000000000000001,0.049151568903735995,0.005891189827157015,0.02645303686970246
0.05,2.0,10,5.000000000000001,0.0466893466981502,0.002952369798423236,0.024590233921639736
0.05,2.0,10,5.000000000000001,0.05060167919015414,0.0074154251427849234,0.0275031608634404
0.05,2.0,10,5.000000000000001,0.047481953270453556,0.0033249712899102047,0.024682009233416912
0.05,2.0,10,5.000000000000001,0.04916086033582408,0.0043857877074393575,0.028758252697881535
0.05,2.0,10,5.000000000000001,0.049662464264150684,0.007883853477717116,0.030836463148493923
0.05,2.0,10,5.000000000000001,0.05037302371550759,0.007507966117777352,0.025946514629995886
0.05,2.0,10,5.000000000000001,0.04490218308537709,0.005304647888354717,0.02628333198675652
0.05,2.0,10,5.000000000000001,0.0502288172323335,0.006608116123969319,0.02121562709063452
0.05,2.0,10,5.000000000000001,0.04911328072688812,0.01469108235757188,0.030384246408697347
0.05,2.0,10,5.000000000000001,0.04971988637931061,0.0049597872730037,0.02451325012633064
0.05,2.0,10,5.000000000000001,0.04025945074256091,0.01599298424053662,0.026839670735808438
0.05,2.0,10,5.000000000000001,0.04693937209134054,0.006276133011075566,0.024857682684408834
0.05,2.0,10,5.000000000000001,0.05035542099675561,0.004252681546968782,0.030819049217323445
0.05,2.0,10,5.000000000000001,0.04994722531161358,0.011458554638973602,0.027056431726552154
0.05,2.0,10,5.000000000000001,0.04874410444650535,0.0036270515699631458,0.0240558690429042
0.05,2.0,10,5.000000000000001,0.04997212157721566,0.01008745715811967,0.029756125380161487
0.05,2.0,10,5.000000000000001,0.048910179703185175,0.00697465145803937,0.02880322862046577
0.05,2.0,10,5.000000000000001,0.04976433531127105,0.01350235735706479,0.02894473584169984
0.05,2.0,10,5.000000000000001,0.04783457502562739,0.008157891767991728,0.03012030304258403
0.05,2.0,10,5.000000000000001,0.04998388297269442,0.0033786326023393255,0.027889430916189277
0.05,2.0,10,5.000000000000001,0.04694496675916317,0.005281113249529755,0.024451046878465773
0.05,2.0,10,5.000000000000001,0.0504247758898008,0.008596943658937215,0.027367491996076004
0.05,2.0,10,5.000000000000001,0.05056990544556474,0.005747561724840897,0.02679678975064988
0.05,2.0,10,5.000000000000001,0.050272424533930424,0.0007293026740325278,0.022103282458407085
0.05,2.0,10,5.000000000000001,0.04627766703709549,0.005484668681088943,0.0257607348271231
0.05,2.0,10,5.000000000000001,0.04677871337986045,0.009817539755646183,0.027309725274144242
0.1,2.0,10,5.000000000000001,0.19708958175278854,0.060851915622208354,0.11004997820932762
0.1,2.0,10,5.000000000000001,0.17789728441997565,0.04134113917350638,0.12086046342627707
0.1,2.0,10,5.000000000000001,0.19257627155753998,0.03743233603380495,0.12441418174351428
0.1,2.0,10,5.000000000000001,0.2018838281323947,0.0406703190257828,0.10688931804108238
0.1,2.0,10,5.000000000000001,0.20102279350850946,0.015667675658061236,0.1170851950277321
0.1,2.0,10,5.000000000000001,0.19676070020256786,0.05072241771719595,0.12214572146640189
0.1,2.0,10,5.000000000000001,0.18834423010438311,0.042137978059059465,0.12676663038034147
0.1,2.0,10,5.000000000000001,0.19874466823068604,0.02353031965274609,0.11922475604296205
0.1,2.0,10,5.000000000000001,0.16080842240448034,0.04379318614038075,0.10905496618509693
0.1,2.0,10,5.000000000000001,0.19208476476930755,0.044498559570997985,0.10668346457494035
0.1,2.0,10,5.000000000000001,0.1953229907992479,0.014681238833931682,0.108090720148184
0.1,2.0,10,5.000000000000001,0.17100321577027516,0.02109739534892369,0.09620626220303738
0.1,2.0,10,5.000000000000001,0.19804381426433054,0.016860742560410452,0.10996149783591548
0.1,2.0,10,5.000000000000001,0.19323035671196848,0.014621148744817342,0.11032569144650364
0.1,2.0,10,5.000000000000001,0.18341435271686096,0.02851795688232527,0.10876461331219417
0.1,2.0,10,5.000000000000001,0.19925780653931016,0.06437657555858835,0.13685996203548872
0.1,2.0,10,5.000000000000001,0.17971397369252345,0.024400372084172867,0.10527872635478884
0.1,2.0,10,5.000000000000001,0.20145523646499258,0.03437434607427434,0.11742707474570026
0.1,2.0,10,5.000000000000001,0.19400299450346395,0.03069442413058247,0.11682652168720803
0.1,2.0,10,5.000000000000001,0.2000522892403196,0.041554744902608916,0.12609251555371745
0.1,2.0,10,5.000000000000001,0.2024724949634581,0.03529608320470606,0.11337459210589311
0.1,2.0,10,5.000000000000001,0.19316920066269347,0.03766283996750025,0.11157372582171245
0.1,2.0,10,5.000000000000001,0.19787606759731943,0.042430845644358665,0.10361552414619339
0.1,2.0,10,5.000000000000001,0.18391911045954956,0.06761103501909137,0.12268182286686942
0.1,2.0,10,5.000000000000001,0.20228272559295574,0.03480653891372148,0.10813839018874731
0.1,2.0,10,5.000000000000001,0.17093445287690828,0.012477954873874703,0.09153426819566886
0.1,2.0,10,5.000000000000001,0.20252534415893736,0.03810487376404657,0.10326248801645337
0.1,2.0,10,5.000000000000001,0.19206404031230584,0.029373817595922336,0.11213527479375131
0.1,2.0,10,5.000000000000001,0.1909769518051138,0.033734814443945264,0.1264038695278221
0.1,2.0,10,5.000000000000001,0.19732494743048937,0.03954206825301617,0.11606076354501418
0.1,2.0,10,5.000000000000001,0.16654727429823588,0.028909260711576564,0.09557669844123536
0.1,2.0,10,5.000000000000001,0.17607645320686585,0.038980094332258367,0.09536531094516537
0.1,2.0,10,5.000000000000001,0.1967323920361321,0.03068739456442663,0.11626693630954706
0.1,2.0,10,5.000000000000001,0.18532917427788997,0.013304656006560472,0.09812092399203395
0.1,2.0,10,5.000000000000001,0.1969803701410087,0.03666608144494211,0.1070790512462395
0.1,2.0,10,5.000000000000001,0.196556617879412,0.020122591710699918,0.09836424412761147
0.1,2.0,10,5.000000000000001,0.19413501537595287,0.017902224613183998,0.10086255320938124
0.1,2.0,10,5.000000000000001,0.1807925138406371,0.037973583722768094,0.1068101945325209
0.1,2.0,10,5.000000000000001,0.1825526834502685,0.02366131397541088,0.11735845410106142
0.1,2.0,10,5.000000000000001,0.18246275957835104,0.03221679999999998,0.12089495096475471
0.1,2.0,10,5.000000000000001,0.16343839563044646,0.03337696221014034,0.08912265903945407
0.1,2.0,10,5.000000000000001,0.18370650259207644,0.023068234076056262,0.10322308142295451
0.1,2.0,10,5.000000000000001,0.20223183189825794,0.026284509135579615,0.10341449870683983
0.1,2.0,10,5.000000000000001,0.19505325440135934,0.03176960433904873,0.09966252959931955
0.1,2.0,10,5.000000000000001,0.20030490696435505,0.04220549722764345,0.1180624758455536
0.1,2.0,10,5.000000000000001,0.19614832155060208,0.025680926540282544,0.11441361191017993
0.1,2.0,10,5.000000000000001,0.18637163345354188,0.03787948198136951,0.12764073223113956
0.1,2.0,10,5.000000000000001,0.19955735915943962,0.06008408746446674,0.13271025085810476
0.1,2.0,10,5.000000000000001,0.18862494827192847,0.02213253131739953,0.10111844627678894
0.1,2.0,10,5.000000000000001,0.1990955356218101,0.02385251516729524,0.10291720463389421
0.1,2.0,10,5.000000000000001,0.1811758383329678,0.04639017770622973,0.10706288597537124
0.1,2.0,10,5.000000000000001,0.1913695142940593,0.041254841790202675,0.11984723574305114
0.1,2.0,10,5.000000000000001,0.1995648701299902,0.04678228737629906,0.1106578615671177
0.1,2.0,10,5.000000000000001,0.19194878360491038,0.020952524287191913,0.10732297669744237
0.1,2.0,10,5.000000000000001,0.18104428203152825,0.03516389943614618,0.09264498732333992
0.1,2.0,10,5.000000000000001,0.18040125152703396,0.03668740883430351,0.1056367910110475
0.1,2.0,10,5.000000000000001,0.179720982277735,0.02388992766556476,0.09462355671954388
0.1,2.0,10,5.000000000000001,0.18125169526860385,0.030516187949624997,0.11776994254053728
0.1,2.0,10,5.000000000000001,0.1988606214509326,0.02667582998435733,0.12279291507008788
0.1,2.0,10,5.000000000000001,0.17392265444426463,0.008118381606496779,0.092759188486739
0.1,2.0,10,5.000000000000001,0.1883095002343076,-0.00332883341793213,0.08716113285479968
0.1,2.0,10,5.000000000000001,0.20194239939336242,0.06540930428377185,0.13040775538407404
0.1,2.0,10,5.000000000000001,0.2005004835065445,0.044431385149479384,0.13095732142686434
0.1,2.0,10,5.000000000000001,0.19346779089418664,0.029417837120191935,0.09348647668835819
0.1,2.0,10,5.000000000000001,0.1914037713569522,0.009723981210605711,0.09763648173389075
0.1,2.0,10,5.000000000000001,0.19601130384164014,0.05772925174736051,0.11030124967151908
0.1,2.0,10,5.000000000000001,0.17490878943775737,0.020422802039115943,0.10234977645841244
0.1,2.0,10,5.000000000000001,0.16933710779946826,0.06428240455043352,0.11466693799223815
0.1,2.0,10,5.000000000000001,0.20056420188938012,0.036369796432838435,0.10790761627327128
0.1,2.0,10,5.000000000000001,0.19443521755889273,0.015591624570751245,0.1031856507146707
0.1,2.0,10,5.000000000000001,0.20068468735804174,0.019104103100287866,0.12218362951257157
0.1,2.0,10,5.000000000000001,0.16782811818545354,0.03687919489097842,0.09767283089781464
0.1,2.0,10,5.000000000000001,0.1779606566230899,0.02864540351070025,0.10201639607954535
